59171,google-analytics.com
52479,doubleclick.net
49398,google.com
44172,googletagmanager.com
43558,gstatic.com
41166,google.at
28740,facebook.net
27924,facebook.com
22701,googleadservices.com
14518,googlesyndication.com
14038,googletagservices.com
10448,adnxs.com
10035,twitter.com
8431,adsrvr.org
7977,bing.com
7845,youtube.com
7437,hotjar.com
7181,quantserve.com
6733,casalemedia.com
6728,yahoo.com
6466,linkedin.com
6407,rubiconproject.com
6292,scorecardresearch.com
6244,nr-data.net
6209,licdn.com
5988,openx.net
5803,rlcdn.com
5677,pubmatic.com
5604,everesttech.net
5431,consensu.org
5386,criteo.com
5375,2mdn.net
5293,amazon-adsystem.com
4737,ads-twitter.com
4661,t.co
4520,demdex.net
4505,ytimg.com
4285,baidu.com
4240,addthis.com
4146,quantcount.com
4144,taboola.com
4132,bidswitch.net
3957,mathtag.com
3912,adform.net
3863,ggpht.com
3803,moatads.com
3768,criteo.net
3588,pinterest.com
3557,cookielaw.org
3344,advertising.com
3266,yandex.ru
3173,crwdcntrl.net
3101,onetrust.com
3058,krxd.net
3049,agkn.com
2874,twimg.com
2864,imasdk.googleapis.com
2755,pinimg.com
2588,maps.googleapis.com
2576,wp.com
2573,bluekai.com
2569,turn.com
2563,lijit.com
2556,teads.tv
2518,simpli.fi
2460,spotxchange.com
2457,sitescout.com
2445,tapad.com
2420,adobedtm.com
2380,tremorhub.com
2374,addthisedge.com
2350,crazyegg.com
2346,outbrain.com
2341,bidr.io
2262,fbcdn.net
2241,alexametrics.com
2238,1rx.io
2230,hubspot.com
2221,hs-analytics.net
2199,hs-banner.com
2059,w55c.net
2049,exelator.com
2038,hs-scripts.com
2020,omtrdc.net
1965,indexww.com
1963,dotomi.com
1956,unpkg.com
1947,zeotap.com
1926,onesignal.com
1856,atdmt.com
1792,cnzz.com
1765,go-mpulse.net
1751,smartadserver.com
1724,hotjar.io
1697,contextweb.com
1668,mookie1.com
1664,adroll.com
1629,creativecdn.com
1616,de17a.com
1611,yimg.com
1563,yadro.ru
1560,3lift.com
1543,mmstat.com
1491,adition.com
1472,semasio.net
1459,chartbeat.net
1457,rfihub.com
1451,marketo.net
1440,fiftyt.com
1426,chartbeat.com
1424,gumgum.com
1415,vimeo.com
1408,sc-static.net
1407,mktoresp.com
1396,tiqcdn.com
1365,snapchat.com
1353,translate.googleapis.com
1311,sharethis.com
1310,confiant-integrations.global.ssl.fastly.net
1297,akstat.io
1296,gemius.pl
1285,siteimproveanalytics.com
1282,zdassets.com
1237,googleusercontent.com
1207,optimizely.com
1194,vimeocdn.com
1181,360yield.com
1164,serving-sys.com
1161,stackadapt.com
1159,media.net
1135,siteimproveanalytics.io
1130,tribalfusion.com
1127,hsadspixel.net
1106,mail.ru
1106,unrulymedia.com
1093,bidtheatre.com
1088,emxdgt.com
1082,id5-sync.com
1064,yastatic.net
1063,ipredictive.com
1062,omappapi.com
1059,adgrx.com
1056,netdna-ssl.com
1049,erne.co
1023,visualwebsiteoptimizer.com
1013,postrelease.com
